{
    "rmse": 325.0857900138535,
    "mae": 141.66612794612792,
    "r2": 0.9972036973577014
}